mode,eps_min,alpha_min,weight
absorption,2.4004,0.336155,8
absorption,0.6161,0.063245,9
absorption,2.2575,0.316141,5
absorption,0.6014,0.061737,5
absorption,2.4431,0.342143,5
absorption,0.5268,0.054077,4
absorption,0.6001,0.052575,3
absorption,1.0085,0.088352,1
absorption,2.9710,0.416059,3
absorption,1.6263,0.166944,8
absorption,0.8413,0.086354,1
absorption,2.7453,0.384463,6
absorption,0.7901,0.081104,6
absorption,0.4381,0.061347,5
absorption,1.2952,0.132956,3
absorption,0.6229,0.063941,3
absorption,1.8598,0.190904,3
absorption,0.3644,0.037402,3
absorption,0.2629,0.036811,4
absorption,1.6020,0.164450,4
absorption,2.3639,0.331046,4
absorption,0.1908,0.019584,12
absorption,1.2180,0.125027,3
absorption,0.6058,0.062182,4
absorption,1.2774,0.131130,1
absorption,2.3922,0.335007,7
absorption,1.8331,0.188165,5
absorption,0.9615,0.098702,3
absorption,0.7858,0.110048,3
absorption,1.9331,0.169357,4
absorption,2.2562,0.231600,4
absorption,1.3117,0.183698,3
absorption,3.8979,0.545875,3
absorption,3.0821,0.431626,3
absorption,1.1561,0.118678,1
absorption,2.3592,0.242170,6
absorption,1.6855,0.173017,4
absorption,0.2186,0.019151,1
absorption,1.2441,0.127705,4
absorption,2.2129,0.309897,6
absorption,1.3047,0.133931,6
absorption,1.4940,0.209220,8
absorption,1.8091,0.185709,11
absorption,5.7985,0.812036,6
absorption,1.1786,0.120986,5
absorption,0.9611,0.098660,3
absorption,0.6570,0.067444,6
absorption,0.7582,0.066424,2
absorption,1.4240,0.146169,5
absorption,4.5526,0.637559,2
absorption,0.3746,0.038449,10
absorption,0.1486,0.013019,1
absorption,1.2003,0.123214,2
absorption,0.1999,0.020516,1
absorption,0.4400,0.027196,1
absorption,1.9072,0.267090,3
absorption,0.2950,0.018231,1
absorption,0.1069,0.014966,5
absorption,2.6578,0.232843,1
absorption,2.3958,0.245931,4
absorption,2.2326,0.229179,3
absorption,0.1652,0.010210,1
absorption,0.5123,0.071749,2
absorption,9.6604,1.352869,3
absorption,0.0708,0.006203,2
absorption,0.2838,0.039738,5
absorption,4.6193,0.646897,3
absorption,2.2046,0.226307,1
absorption,1.4182,0.145577,1
absorption,0.3464,0.035561,2
absorption,1.3120,0.183731,3
absorption,2.1980,0.225629,5
absorption,0.6278,0.064443,1
absorption,1.6445,0.168806,4
absorption,0.1629,0.014271,1
absorption,0.5107,0.031567,1
absorption,2.3264,0.325796,4
absorption,0.0937,0.009619,1
absorption,0.2995,0.030739,3
absorption,1.8972,0.194744,2
absorption,1.1705,0.102546,1
absorption,0.9763,0.100212,2
absorption,0.3505,0.021664,1
absorption,0.4700,0.048247,2
absorption,2.1422,0.219898,1
absorption,0.0207,0.002128,2
absorption,1.9992,0.205222,2
absorption,0.2087,0.018286,1
absorption,0.4583,0.064188,1
absorption,1.8300,0.187851,2
absorption,1.2368,0.126958,1
absorption,0.0510,0.004469,1
absorption,0.6701,0.068788,1
absorption,0.2168,0.013400,1
absorption,0.8744,0.089753,1
absorption,1.6469,0.144281,1
absorption,2.1820,0.223987,1
absorption,2.3938,0.196539,6
absorption,3.4652,0.284498,4
absorption,1.0799,0.106866,7
absorption,1.5166,0.124516,5
absorption,1.4113,0.139663,3
absorption,2.6828,0.220264,2
absorption,2.2896,0.187983,1
absorption,0.0118,0.000967,4
absorption,3.9437,0.390271,6
absorption,1.1583,0.046635,2
absorption,0.4826,0.039626,1
absorption,0.9050,0.074299,2
absorption,2.6081,0.258100,4
absorption,0.0633,0.005199,5
absorption,0.6904,0.056679,1
absorption,0.9373,0.076958,2
absorption,1.0226,0.083958,5
absorption,2.4748,0.244913,4
absorption,1.3596,0.111622,9
absorption,2.2268,0.182828,4
absorption,1.7235,0.108445,1
absorption,5.0686,0.501589,3
absorption,2.1808,0.179051,3
absorption,1.3037,0.082031,4
absorption,1.6900,0.138754,9
absorption,1.7486,0.173038,3
absorption,2.8814,0.236565,5
absorption,2.4367,0.200061,4
absorption,3.7734,0.373422,4
absorption,7.0213,0.694838,3
absorption,4.7160,0.466697,4
absorption,1.3311,0.131730,8
absorption,0.8575,0.084859,5
absorption,0.4201,0.026436,2
absorption,0.4822,0.039593,1
absorption,2.5825,0.212025,1
absorption,0.4549,0.037350,5
absorption,1.0182,0.100763,4
absorption,1.9184,0.120705,2
absorption,1.5520,0.127423,2
absorption,0.8880,0.035753,2
absorption,1.7232,0.170531,6
absorption,2.6732,0.219473,5
absorption,0.0469,0.004643,5
absorption,0.9571,0.078579,3
absorption,2.2543,0.223083,4
absorption,3.9783,0.393694,1
absorption,1.1240,0.092283,3
absorption,1.4230,0.116828,5
absorption,3.6499,0.229651,1
absorption,1.1883,0.097560,4
absorption,1.3650,0.085889,1
absorption,1.6202,0.133023,5
absorption,2.6572,0.218160,5
absorption,2.4567,0.201697,1
absorption,3.5379,0.222607,2
absorption,3.2430,0.320929,4
absorption,0.0387,0.002437,3
absorption,7.5022,0.742424,1
absorption,0.9881,0.081126,2
absorption,2.4717,0.202933,4
absorption,5.9458,0.588400,2
absorption,0.5757,0.036222,1
absorption,1.2871,0.105673,4
absorption,1.0295,0.084520,4
absorption,0.2957,0.011906,2
absorption,0.4721,0.046716,2
absorption,0.4517,0.037086,1
absorption,2.3926,0.236772,3
absorption,17.2381,1.705900,2
absorption,1.7876,0.146769,4
absorption,0.0636,0.006291,1
absorption,1.9605,0.194009,5
absorption,0.7024,0.057668,2
absorption,0.5101,0.032097,2
absorption,1.1344,0.112263,3
absorption,1.7926,0.147172,3
absorption,0.5759,0.047284,1
absorption,1.9821,0.162733,4
absorption,0.7367,0.046355,1
absorption,1.4181,0.116429,3
absorption,0.8343,0.033590,1
absorption,3.1668,0.259996,2
absorption,1.5193,0.124735,4
absorption,6.3955,0.632902,2
absorption,0.0537,0.002164,1
absorption,0.2032,0.016685,2
absorption,0.7813,0.064147,1
absorption,2.5914,0.256443,3
absorption,1.2599,0.124683,3
absorption,2.1732,0.178421,2
absorption,0.0963,0.007907,3
absorption,5.2520,0.519743,2
absorption,1.1358,0.071466,1
absorption,1.4446,0.118602,1
absorption,1.1382,0.093449,2
absorption,1.9009,0.076533,1
absorption,0.9383,0.077040,1
absorption,2.6466,0.217289,1
absorption,1.8388,0.150971,1
absorption,1.6968,0.139310,2
absorption,0.0189,0.001190,1
absorption,0.3033,0.024897,1
absorption,1.1385,0.071637,1
absorption,0.5980,0.037624,2
absorption,3.9308,0.506114,2
absorption,0.2132,0.014845,3
absorption,1.2030,0.154893,3
absorption,1.2432,0.106095,2
absorption,0.8269,0.106473,6
absorption,2.0169,0.259693,5
absorption,2.1448,0.094320,1
absorption,0.7608,0.064926,2
absorption,1.1096,0.094693,5
absorption,0.2199,0.018765,4
absorption,1.1162,0.143722,4
absorption,1.3485,0.093888,1
absorption,1.2779,0.109062,6
absorption,1.3763,0.117458,1
absorption,0.9810,0.126317,5
absorption,0.5437,0.037856,1
absorption,1.5412,0.198442,3
absorption,0.0972,0.008292,5
absorption,0.7948,0.067831,3
absorption,4.3805,0.564019,4
absorption,2.3582,0.164182,5
absorption,14.1608,1.823307,7
absorption,2.4137,0.310786,3
absorption,0.2720,0.018935,5
absorption,0.4398,0.030622,1
absorption,2.7555,0.191847,2
absorption,1.0560,0.135970,5
absorption,1.0491,0.089535,2
absorption,0.8601,0.110738,4
absorption,0.3747,0.026091,3
absorption,1.1342,0.049877,4
absorption,5.0058,0.644539,8
absorption,2.0356,0.141722,5
absorption,0.7334,0.062588,2
absorption,0.3176,0.040894,3
absorption,0.6380,0.044416,1
absorption,1.7279,0.222482,4
absorption,0.5897,0.050326,4
absorption,1.7599,0.226603,6
absorption,2.0580,0.175631,8
absorption,1.8986,0.162033,3
absorption,1.1528,0.080264,1
absorption,0.4410,0.030703,1
absorption,3.4699,0.152592,3
absorption,4.0378,0.519900,1
absorption,1.3913,0.096869,2
absorption,2.5369,0.216505,1
absorption,1.1154,0.095187,2
absorption,15.9081,2.048278,4
absorption,6.4984,0.836722,3
absorption,0.2819,0.024062,7
absorption,0.4422,0.056936,3
absorption,1.5545,0.132665,6
absorption,4.6546,0.599308,4
absorption,1.5515,0.132405,4
absorption,2.3656,0.201888,1
absorption,2.9371,0.250660,4
absorption,0.7562,0.064538,3
absorption,2.6051,0.222319,3
absorption,0.5528,0.038485,2
absorption,2.2042,0.096930,1
absorption,1.7701,0.151060,2
absorption,0.3444,0.029391,2
absorption,1.0892,0.075836,3
absorption,1.1034,0.094166,1
absorption,2.6285,0.224317,3
absorption,0.2078,0.026759,2
absorption,3.0201,0.388854,5
absorption,0.1113,0.007746,1
absorption,5.4286,0.698967,2
absorption,0.3392,0.028951,1
absorption,0.2417,0.016829,2
absorption,0.9883,0.084342,1
absorption,1.6559,0.072820,1
absorption,0.8743,0.074610,3
absorption,1.4837,0.126618,2
absorption,0.4224,0.018574,2
absorption,0.1261,0.005547,1
absorption,1.2133,0.084474,2
absorption,0.1689,0.011758,1
absorption,1.1804,0.151989,2
absorption,0.2862,0.024421,1
absorption,0.4854,0.021345,2
absorption,2.3774,0.202895,1
absorption,0.9050,0.116527,2
absorption,0.6507,0.055531,1
absorption,0.5371,0.045841,3
absorption,1.4041,0.097756,1
absorption,3.3475,0.344126,6
absorption,2.1535,0.184290,7
absorption,2.0073,0.206348,6
absorption,2.0147,0.172409,3
absorption,0.0512,0.004378,2
absorption,2.1929,0.225427,3
absorption,1.2958,0.110891,3
absorption,2.7394,0.191207,1
absorption,0.4250,0.036370,2
absorption,5.9627,0.612973,6
absorption,1.0137,0.070755,3
absorption,0.5170,0.053144,3
absorption,1.9898,0.204550,7
absorption,0.0726,0.005070,1
absorption,10.0406,1.032182,4
absorption,0.0072,0.000613,7
absorption,0.2712,0.027876,4
absorption,6.7461,0.693504,3
absorption,1.8068,0.154618,8
absorption,0.7811,0.066848,5
absorption,1.1925,0.102054,3
absorption,8.3485,0.858233,3
absorption,2.1306,0.148715,1
absorption,2.4686,0.211259,6
absorption,2.3590,0.201877,1
absorption,2.3823,0.244901,4
absorption,0.6326,0.054136,1
absorption,1.8735,0.130766,3
absorption,0.9007,0.092596,2
absorption,0.9212,0.064298,3
absorption,2.2207,0.228294,7
absorption,3.9604,0.407132,4
absorption,1.9340,0.069518,1
absorption,2.6350,0.270875,7
absorption,0.9163,0.094201,6
absorption,2.1537,0.184310,6
absorption,1.5149,0.129641,5
absorption,0.5168,0.044226,4
absorption,1.1247,0.115625,6
absorption,0.9247,0.079137,5
absorption,1.1530,0.080479,1
absorption,2.3956,0.246264,4
absorption,1.8966,0.162308,8
absorption,16.0825,1.653295,4
absorption,3.6983,0.380183,1
absorption,0.8410,0.071972,4
absorption,0.7778,0.066566,3
absorption,14.2991,1.469957,7
absorption,2.1279,0.182097,5
absorption,1.6624,0.116036,2
absorption,0.0883,0.003173,1
absorption,0.7552,0.064632,2
absorption,0.5233,0.044783,2
absorption,0.9054,0.093074,4
absorption,0.0958,0.006688,3
absorption,2.9380,0.302027,5
absorption,0.2100,0.014660,1
absorption,0.9044,0.032511,1
absorption,2.9178,0.299950,2
absorption,1.4958,0.128007,4
absorption,1.0003,0.085604,1
absorption,1.1241,0.096196,5
absorption,1.5390,0.158210,1
absorption,2.1483,0.220844,2
absorption,0.0207,0.001769,2
absorption,0.4153,0.028987,2
absorption,2.1725,0.151640,1
absorption,0.1578,0.016222,4
absorption,0.5939,0.050822,2
absorption,1.6828,0.144007,4
absorption,4.1587,0.427516,3
absorption,0.3021,0.021085,3
absorption,0.9470,0.081046,2
absorption,1.9955,0.139286,2
absorption,1.7582,0.150466,3
absorption,1.0825,0.075557,4
absorption,2.7374,0.234260,2
absorption,2.2787,0.159050,1
absorption,0.6283,0.053767,2
absorption,3.8022,0.390869,3
absorption,0.9990,0.069729,1
absorption,0.5287,0.036902,1
absorption,5.8037,0.596628,3
absorption,1.3228,0.113198,1
absorption,2.3264,0.199087,1
absorption,0.8686,0.074336,3
absorption,2.5660,0.219595,1
absorption,0.0547,0.003820,1
absorption,3.3755,0.235605,2
absorption,0.8576,0.030827,2
absorption,2.1557,0.184483,1
absorption,0.6640,0.056823,1
absorption,0.5432,0.037912,3
absorption,2.0053,0.206143,1
absorption,1.3894,0.142827,2
absorption,5.3500,0.549979,3
absorption,2.3912,0.204637,2
absorption,0.9213,0.064307,1
absorption,0.5875,0.053016,9
absorption,1.2609,0.113791,4
absorption,1.0132,0.128574,5
absorption,5.1324,0.651290,3
absorption,1.1884,0.107248,3
absorption,0.9286,0.064211,4
absorption,1.6782,0.151450,6
absorption,0.2908,0.036899,5
absorption,0.4078,0.036804,7
absorption,2.2280,0.201065,4
absorption,0.0476,0.004300,2
absorption,1.9901,0.179595,1
absorption,0.9602,0.121850,5
absorption,3.2872,0.227316,1
absorption,0.6980,0.088578,2
absorption,0.4044,0.036494,6
absorption,4.1455,0.526061,6
absorption,3.6163,0.153417,2
absorption,1.0447,0.072240,1
absorption,2.7774,0.352449,6
absorption,0.8627,0.077856,6
absorption,1.5565,0.140464,4
absorption,1.5098,0.136248,3
absorption,0.8058,0.072717,2
absorption,2.4215,0.307287,6
absorption,0.2501,0.031734,1
absorption,1.2620,0.160151,2
absorption,6.8751,0.872440,4
absorption,2.7939,0.354546,7
absorption,0.7758,0.053645,2
absorption,4.1169,0.522421,2
absorption,0.4868,0.061775,6
absorption,0.5653,0.039095,4
absorption,0.9123,0.082334,2
absorption,0.4036,0.027910,1
absorption,0.3405,0.023544,3
absorption,0.8446,0.076217,5
absorption,7.6350,0.968870,5
absorption,2.6125,0.235768,6
absorption,0.3001,0.027079,5
absorption,0.6845,0.047336,2
absorption,1.2768,0.162027,7
absorption,0.7515,0.051968,6
absorption,0.8727,0.078758,3
absorption,3.1670,0.401880,5
absorption,1.3621,0.172845,4
absorption,0.9096,0.082087,3
absorption,1.8967,0.240689,3
absorption,0.3683,0.033241,5
absorption,0.3133,0.028272,3
absorption,1.7868,0.161254,5
absorption,0.6672,0.046136,1
absorption,1.8366,0.165747,4
absorption,0.2344,0.009943,1
absorption,1.6056,0.144900,2
absorption,4.4213,0.561048,6
absorption,0.9218,0.116970,3
absorption,1.4404,0.099605,1
absorption,1.5406,0.139034,3
absorption,0.2090,0.014453,2
absorption,0.3289,0.029686,5
absorption,1.0133,0.091442,1
absorption,0.9823,0.067925,1
absorption,1.5333,0.106033,2
absorption,0.3555,0.045118,3
absorption,1.3474,0.121600,6
absorption,0.1685,0.021380,4
absorption,1.6186,0.146067,4
absorption,0.9483,0.085582,2
absorption,1.0247,0.070861,2
absorption,0.8864,0.079990,5
absorption,2.2427,0.155089,2
absorption,2.1981,0.198368,8
absorption,0.5931,0.075261,5
absorption,1.0908,0.046276,2
absorption,2.1775,0.196511,2
absorption,3.9786,0.504877,3
absorption,0.2666,0.024059,2
absorption,1.9246,0.133088,1
absorption,0.6888,0.029220,1
absorption,1.5742,0.199762,3
absorption,1.8219,0.164421,4
absorption,1.6829,0.116374,1
absorption,0.2986,0.026948,2
absorption,1.1142,0.100549,3
absorption,1.6729,0.150968,4
absorption,1.5483,0.107068,3
absorption,1.2900,0.116418,4
absorption,0.7795,0.070344,2
absorption,0.8315,0.057501,1
absorption,0.0443,0.003999,1
absorption,2.2937,0.158611,1
absorption,0.8039,0.072546,1
absorption,2.7138,0.187661,1
absorption,3.4456,0.437237,1
absorption,1.3910,0.096189,1
absorption,0.3284,0.029637,1
absorption,1.7727,0.159981,1
absorption,0.5380,0.048550,1
absorption,1.5236,0.137499,1
absorption,1.0703,0.096585,1
