alpha_f_min,weight
0.317417,339
0.030660,516
0.160392,449
0.085541,353
0.003924,302
0.087659,391
0.032802,453
0.052685,202
0.774017,2737
0.275874,2341
1.109252,2319
0.809361,2482
0.378105,2410
0.578232,2187
2.188708,2342
0.563898,2498
0.039527,2274
0.440316,2310
0.785086,1985
0.211876,2178
0.371012,2090
0.293267,1981
0.760412,1942
1.962493,1870
0.309680,1874
0.027055,1689
1.429985,1609
3.215004,1080
0.857394,589
0.673865,5596
3.185694,4597
0.414000,5635
1.486807,4672
1.380059,4387
0.373892,4524
0.637901,3413
2.922959,4535
0.549332,3931
0.832635,4402
0.857055,4173
2.672088,4321
0.661669,4344
1.496626,3921
1.382924,4207
0.592289,3610
0.445929,3324
0.859005,3407
0.477738,2036
1.970020,2106
0.700156,1689
1.380113,1466
1.208645,1249
0.478317,1618
7.353684,1348
4.107837,1289
0.869184,1561
0.550461,1541
10.765218,1386
5.987567,1331
1.375757,1067
3.639502,1418
25.077048,1331
0.510776,1403
9.752298,982
2.254076,1167
0.957456,1256
0.740085,1503
1.505584,1238
2.553461,1447
0.949481,1201
3.027274,1161
1.303212,1179
0.128586,680
0.944288,2685
0.758929,2945
0.822436,2713
1.063901,2828
1.262891,2856
1.441757,2952
655.989965,2536
3.858219,2921
0.963300,2717
12.511783,2848
1.955774,2863
2.903126,2606
1.073793,2487
0.746888,1183
1.230949,2031
2.781094,580
0.838138,353
0.272070,241
0.131095,147
0.630269,165
0.360925,188
0.724971,191
0.803965,187
1.419511,195
3.507475,208
1.199020,205
2.396780,228
0.348442,225
2.474014,232
1.604317,181
2.083534,219
0.865910,190
0.699693,182
0.306351,188
1.049691,161
0.213934,127
0.086596,35
0.020638,445
0.129566,478
0.030968,444
0.068687,350
0.089495,473
1.220012,2547
0.211059,2253
0.337715,2349
0.384521,2412
0.962082,2403
1.158019,2214
0.772379,2398
3.135000,2482
0.212095,2336
0.678762,1956
0.687264,2455
1.109575,1897
1.998391,2136
0.720398,2029
0.120864,2001
0.884423,1870
0.590483,1996
1.033842,1990
0.505251,1743
0.539426,1711
12.368981,1288
2.875843,5439
25.311385,4823
0.784176,5555
1.133164,4487
0.746871,4575
1.445127,4427
0.406777,3290
1.737835,4687
19.828795,4195
0.728088,4226
0.955891,4033
0.799444,4355
2.570690,4484
0.715484,4036
3.699742,3928
0.744794,3468
0.693465,3291
0.602422,2735
0.669940,1877
2.967808,1955
21.691876,1380
1.469596,1230
0.466434,1148
3.914047,375
0.158823,175
7.994790,1253
0.521820,1297
0.774903,1087
4.963017,1451
1.016285,1474
1.462281,1100
3.041493,1487
0.535260,1190
0.632812,1126
0.922674,1025
2.350701,1307
0.392599,995
2.399869,2651
2.636922,3044
4.740510,2774
1.230521,2880
1.277310,2902
1.470055,2822
1.700555,2787
1.348549,2480
12.057964,2497
5.819285,2424
3.211463,1901
1.384954,617
1.463292,392
0.526337,293
0.254918,104
0.032900,96
0.867761,191
0.826789,203
1.389263,213
1.411621,239
3.680465,216
2.866557,226
0.776413,171
2.342819,185
3.981750,178
1.366759,239
2.825871,227
1.715978,235
1.014465,256
4.343134,225
1.273585,231
0.286969,187
0.986425,177
0.086499,453
0.097579,287
0.062763,445
0.227404,278
0.070089,347
0.484811,393
0.082249,216
0.003440,412
0.252722,2638
0.180300,2402
4.748393,2417
0.275284,2575
0.422606,2255
0.228660,2279
0.419047,2215
5.601544,2384
1.214258,2204
0.122644,1921
0.350380,2318
0.247476,1914
0.301878,2118
1.643998,1993
0.501177,1962
1.243184,1956
0.169739,2001
0.451998,1987
0.518690,1779
0.625631,1571
2.178342,787
0.609587,4672
0.541689,5674
2.139518,4654
0.460809,4572
1.276124,4502
0.804199,4523
0.436870,3410
0.669197,4824
0.890367,4017
0.923899,4290
4.353916,4253
0.847389,4376
0.846622,4214
0.584911,4089
0.584139,4189
0.733559,3285
0.558216,3362
10.696831,3401
0.185057,1729
33.792712,1630
12.683071,1689
1.276137,1485
0.606290,1262
1.441042,1636
8.143988,1467
3.719649,1236
1.388515,706
0.402295,169
2.813660,1370
1.939071,1416
0.683327,1393
0.485619,1480
0.785965,1449
0.735926,1237
1.122493,1260
0.891861,1461
0.895803,1455
0.349106,1090
1.681666,993
12.579909,1124
0.781990,712
4.340616,3017
47.026162,2770
4.405445,2718
8.270857,2589
2.497442,1396
271.043537,552
0.954769,320
0.531902,202
0.264204,101
2.673985,170
0.723303,207
0.754054,180
4.082243,239
4.882319,154
32.242224,209
3.476100,199
5.377278,199
1.083136,150
0.091576,547
0.364123,328
0.097261,464
0.671431,296
0.103596,369
0.004854,430
0.344492,302
0.770506,276
0.085721,424
0.762610,2654
5.622971,2319
0.322310,2188
1.732107,2424
0.438816,2282
0.450411,2101
0.802010,2451
3.808954,2527
0.925199,2338
0.063217,1871
1.665833,2387
0.333024,1918
1.630977,2290
0.379971,2077
1.749044,1997
1.160183,1932
0.220614,1871
43.200472,2043
0.361105,1730
2.017994,1732
8.613275,1416
51.213810,1113
2.743701,874
17.000813,768
55.509839,635
13.273461,5635
1.946107,4570
1.261731,5374
0.577558,4579
16.191311,36
0.550892,4704
1.605410,4654
1.236530,4607
0.954430,3554
0.442886,4567
6.515004,4007
0.695352,4224
0.740456,4185
0.626817,4321
1.242155,4041
0.677513,4025
1.245845,3549
0.692988,3363
0.439852,3413
6.700117,33
0.806990,2524
1.188878,1857
1.223309,2045
3.316072,1672
0.648467,1187
0.663446,1643
1.046309,1257
1.913429,1370
2.140730,1580
1.808974,1311
1.296215,1343
0.740678,950
1.081891,996
0.890353,718
0.922199,345
2.665535,1441
2.369017,1450
7.001543,1295
4.583707,1444
0.678193,1423
1.662874,1065
32.493210,1352
0.802095,1276
1.291538,1383
1.417820,1177
0.906339,1392
0.800041,1171
1.690135,1202
0.841725,990
2.105197,1162
0.037641,837
1.192456,2842
16.820240,2735
1.299974,2632
1.051227,2786
0.864438,3045
1.110701,2952
1.386202,2633
9.952089,2926
1.064346,2710
5.191843,2626
2.190005,2607
1.883883,2598
2.183514,2301
15.910049,2595
0.967530,1552
2.191246,670
0.871301,358
0.427797,321
0.148143,69
0.635392,153
1.715474,191
0.811285,162
1.055280,196
4.435007,195
1.932440,190
1.741848,165
1.772364,203
1.135456,193
1.068969,206
1.980747,191
1.190860,215
1.156705,223
0.659882,221
0.687236,229
2.055288,210
0.419053,148
0.087668,423
0.097722,478
0.068820,410
0.642341,312
0.022397,310
0.142609,374
0.094328,432
0.013996,415
0.049900,226
0.059351,351
0.121887,494
0.542195,2332
2.550441,2347
1.591076,2203
4.484798,2257
0.131779,2351
1.445854,2315
3.430245,4212
0.882802,2206
15.204454,1873
0.126889,2367
0.270584,1995
2.375992,2222
0.715758,2202
0.285632,2055
0.725700,1816
0.416884,2018
0.229572,1934
1.917090,1830
0.625652,1843
34.983282,958
42.381665,834
15.925433,615
1.262474,5665
0.717658,4586
1.787364,5423
6.815547,4653
0.568744,4559
1.318612,4520
0.946506,4442
2.625611,3540
0.966786,4537
0.583659,4043
3.413565,4457
1.853062,4262
0.985336,4309
0.588508,4402
1.154367,3885
0.843854,4205
0.495660,3667
0.389734,3403
0.161324,2339
0.293882,1590
1.246955,2019
1.591476,1386
0.862911,1209
0.514663,1532
26.897192,1441
4.134688,1166
0.743365,1654
2.100600,1147
3.067586,1124
4.436988,326
0.729983,1366
2.991182,1428
1.437311,1401
0.647942,1442
1.047623,1186
0.298045,1135
9.114447,1474
1.486101,1160
1.034220,1181
0.622170,1177
2.157792,1116
1.543979,1045
0.821051,1186
0.108258,915
11.836125,2918
0.879921,2843
1.812808,2978
3.066816,2815
2.617009,2993
0.767733,2913
1.275105,2639
10.045168,3170
1.803410,2665
13.158239,2438
2.418064,2766
2.339675,2714
2.398670,2433
2.526972,2260
10.408125,2589
1.275960,639
0.617443,318
0.469394,235
0.083173,77
0.032879,54
1.992398,200
1.238911,157
1.435153,186
7.753250,198
2.140280,232
1.482140,195
1.733209,226
2.015350,198
0.788320,190
1.011725,184
3.415272,179
1.766612,183
0.958042,217
1.296190,199
0.662370,207
1.354386,157
